input_text,target_text
"Amazon leverages a broad ecosystem including its online marketplace, Prime membership program, and Amazon Web Services. The company invests heavily in personalized recommendations, sponsored product ads, affiliate marketing, and cross-promotion across platforms. It emphasizes customer loyalty through same-day delivery and exclusive content bundles.","Amazon employs multi-channel marketing using affiliate programs, sponsored ads, Prime loyalty programs, and personalized recommendations to enhance customer retention."
"Nike's recent campaigns heavily feature social media platforms such as Instagram and YouTube, leveraging influencer marketing and athlete endorsements. The 'You Can’t Stop Us' campaign highlights diversity and resilience, blending emotional storytelling with digital engagement. Nike’s mobile apps integrate personalized training content and product offers.","Nike’s marketing strategy focuses on influencer and athlete endorsements, emotional storytelling campaigns, and personalized digital engagement via mobile apps and social media."
"Coca-Cola maintains brand recognition through traditional advertising, global sponsorships (Olympics, FIFA), and social media campaigns. It emphasizes emotional branding with slogans like 'Taste the Feeling'. The company runs regional promotions and customized packaging, like personalized Coke bottles.","Coca-Cola uses emotional branding, global sponsorships, and regional promotions with customized packaging to reinforce customer engagement and brand recall."
"Apple’s marketing emphasizes product simplicity and innovation. Its iconic product launches generate organic hype and media coverage. The company runs sleek, minimalistic ads and invests in premium in-store experiences. It maintains exclusivity through tight product ecosystem integration.","Apple focuses on minimalistic ads, product launches that build organic hype, and premium in-store experiences to maintain exclusivity and customer loyalty."
"Starbucks focuses on creating “third place” experiences with comfortable store environments and mobile app integrations. Its rewards program incentivizes repeat purchases. Starbucks emphasizes social responsibility in its campaigns, such as sustainable sourcing and community support.","Starbucks blends customer loyalty programs, mobile app integration, and socially responsible campaigns to drive engagement and repeat purchases."
"Tesla’s marketing relies on Elon Musk’s personal brand, word-of-mouth advocacy, and viral social media content. Product unveilings are broadcasted live with high engagement. Tesla minimizes traditional advertising spend, banking on earned media and direct consumer interaction.","Tesla leverages viral social media, earned media, and Elon Musk’s personal brand to market products with minimal traditional advertising."
"McDonald’s runs localized marketing campaigns, balancing global consistency with regional menus. The company heavily invests in TV ads, mobile app promotions, and limited-time offers. Collaborations with pop culture icons (e.g., Travis Scott meal) drive cultural relevance.","McDonald’s employs localized promotions, mobile app campaigns, and pop culture collaborations to sustain brand relevance and customer loyalty."
"Spotify integrates personalized playlists (Discover Weekly), targeted ads, and freemium conversion strategies. The Wrapped campaign encourages user sharing and builds organic promotion. Spotify partners with artists for exclusive content and podcasts.","Spotify’s strategy includes personalized playlists, freemium upselling, social-sharing campaigns like Wrapped, and exclusive artist content partnerships."
Zara minimizes advertising and focuses on fast-fashion product turnover. It uses real-time customer feedback to adjust inventory quickly and relies on high footfall in flagship stores. Zara’s mobile app supports integrated shopping experiences.,"Zara emphasizes fast product cycles, minimal advertising, real-time customer feedback, and integrated in-store and mobile shopping experiences."
Airbnb’s marketing centers on community-driven storytelling and user-generated content. Campaigns like “Belong Anywhere” highlight unique travel experiences. Airbnb partners with local hosts and tourism boards to promote listings.,"Airbnb leverages community-driven storytelling, user-generated content, and local partnerships to market unique travel experiences."
"Uber uses promotional discounts, referral programs, and partnerships to attract riders and drivers. It leverages localized marketing campaigns and in-app promotions while promoting safety and convenience through its technology platform.","Uber’s strategy includes promotions, referral programs, and localized campaigns to attract both riders and drivers while emphasizing safety and convenience."
"Adidas blends influencer collaborations, sustainability-focused campaigns, and limited-edition sneaker drops. Its social media engagement, especially on Instagram, highlights streetwear culture and athlete partnerships.","Adidas markets through influencer collaborations, sustainable campaigns, and limited-edition sneaker releases tied to streetwear and athlete partnerships."
"Netflix relies on original content marketing, social media buzz, and personalized recommendations. It uses viral campaigns and exclusive premieres to maintain subscriber interest while emphasizing binge-worthy shows.","Netflix drives subscriber engagement through original content, social buzz, and personalized recommendations, leveraging exclusives and viral promotions."
"Samsung promotes innovation-driven marketing through high-budget TV ads, experiential campaigns, and influencer reviews. It focuses on product ecosystem integration and competitive positioning against rivals like Apple.","Samsung markets through innovation-led ads, influencer reviews, and product ecosystem integration to competitively position against rivals like Apple."
"Pepsi’s strategy blends music, sports sponsorships, and youthful brand campaigns. It invests in celebrity endorsements, interactive social media content, and experiential marketing events.","Pepsi promotes via music and sports sponsorships, celebrity endorsements, and interactive, youthful social media campaigns."
Dove’s Real Beauty campaign uses socially responsible messaging focused on self-esteem and body positivity. The brand leverages emotional storytelling and influencer partnerships to drive engagement.,"Dove uses emotional storytelling, influencer partnerships, and social-responsibility messaging around self-esteem and body positivity."
"IKEA’s strategy combines affordable pricing, functional design, and experiential in-store layouts. The company uses catalog marketing, sustainability messaging, and home inspiration content online.","IKEA drives engagement through affordable design, experiential stores, catalog marketing, and online home inspiration content."
"Google’s strategy integrates cross-platform advertising (Search, YouTube, Display) and data-driven targeting. It promotes ecosystem loyalty through bundled services like Google Workspace and Android.","Google uses data-driven, cross-platform advertising and ecosystem loyalty through bundled services like Google Workspace and Android."
"Meta focuses on community building, immersive experiences (VR/AR), and targeted ad solutions for businesses. It leverages global reach and creator partnerships to boost engagement across platforms.","Meta boosts platform engagement through creator partnerships, immersive experiences, and global community-building strategies."
"LinkedIn markets through thought leadership content, professional community engagement, and targeted ad solutions. It emphasizes personal branding and skill development for professionals.","LinkedIn markets through thought leadership, professional community content, and personal branding and skills development promotions."
"Netflix’s marketing emphasizes shareable trailers, social media trends, and pop-culture partnerships. It uses meme marketing and limited-time watch parties to drive viewership.","Netflix uses meme marketing, social trends, and influencer partnerships to increase viewership and engagement."
"Shopify’s strategy highlights entrepreneur empowerment through case studies, partner integrations, and freemium models. It leverages online tutorials and community forums to retain merchants.","Shopify markets via entrepreneur success stories, partner integrations, and educational content to empower and retain merchants."
"H&M combines fast-fashion product drops with influencer campaigns and sustainability messaging. It runs mobile app exclusives, loyalty programs, and social media contests.","H&M markets through fast-fashion exclusives, influencer campaigns, sustainability messaging, and loyalty-driven mobile promotions."
"Red Bull’s marketing revolves around extreme sports sponsorships, branded content (Red Bull TV), and experiential events like Flugtag. It positions itself as an energy-driven lifestyle brand.","Red Bull promotes via extreme sports sponsorships, branded media content, and experiential lifestyle events."
"Puma’s strategy focuses on streetwear collaborations, influencer partnerships, and limited-edition drops. It blends athletic sponsorships with urban culture marketing.","Puma markets through streetwear collaborations, influencer partnerships, and athletic-urban hybrid campaigns."
"Netflix invests in local-language original content to expand global markets. It leverages content-based social sharing, influencer watch parties, and interactive storytelling formats.","Netflix leverages local-language originals, influencer watch parties, and interactive content formats to expand its global audience."
"Disney integrates cross-platform storytelling, franchise merchandising, and themed experiences (parks, cruises). It runs nostalgic marketing campaigns and co-branded product launches.","Disney promotes through cross-platform storytelling, nostalgic campaigns, and themed experiential merchandising."
"Intel markets through B2B partnerships, innovation leadership campaigns, and ecosystem positioning in AI, IoT, and cloud computing. It uses co-branding strategies with PC manufacturers.","Intel focuses on innovation leadership, B2B partnerships, and ecosystem marketing in emerging tech spaces."
"Salesforce focuses on customer success stories, thought leadership webinars, and integrated CRM ecosystem marketing. It leverages B2B events like Dreamforce for engagement.","Salesforce markets through customer success stories, B2B events, and integrated CRM ecosystem campaigns."
"YouTube markets through creator partnerships, targeted ad solutions, and user-generated content. It promotes Shorts, live streaming, and premium subscription features to boost engagement.","YouTube markets via creator partnerships, targeted ads, Shorts, live streaming, and premium subscriptions."
